State,#,||,!=,),(,return,},=,main,-,%,const,int,,,<,&&,;,if,{,else,IntConst,$,Ident,void,floatConst,float,+,!,==,/,<=,>,*,>=
193,"error","error","error","error","r40","r40","r40","error","error","r40","error","r40","r40","error","error","error","r40","r40","r40","r40","r40","error","r40","error","r40","r40","r40","r40","error","error","error","error","error","error"
192,"error","error","error","error","r43","r43","r43","error","error","r43","error","r43","r43","error","error","error","r43","r43","r43","r43","r43","error","r43","error","r43","r43","r43","r43","error","error","error","error","error","error"
191,"error","error","error","error","error","error","error","error","error","error","error","error","error","error","error","error","s193","error","error","error","error","error","error","error","error","error","error","error","error","error","error","error","error","error"
190,"error","error","error","error","error","error","error","error","error","error","error","error","error","error","error","error","s192","error","error","error","error","error","error","error","error","error","error","error","error","error","error","error","error","error"
189,"error","error","error","error","s49","error","error","error","error","s42","error","error","error","error","error","error","error","error","error","error","s39","error","s126","error","s38","error","s45","s52","error","error","error","error","error","error"
188,"error","error","error","error","r42","r42","r42","error","error","r42","error","r42","r42","error","error","error","r42","r42","r42","r42","r42","error","r42","error","r42","r42","r42","r42","error","error","error","error","error","error"
187,"error","error","error","error","r33","r33","r33","error","error","r33","error","r33","r33","error","error","error","r33","r33","r33","r40","r33","error","r33","error","r33","r33","r33","r33","error","error","error","error","error","error"
186,"error","error","error","error","r38","r38","r38","error","error","r38","error","r38","r38","error","error","error","r38","r38","r38","r43","r38","error","r38","error","r38","r38","r38","r38","error","error","error","error","error","error"
185,"error","error","error","error","s49","error","error","error","error","s42","error","error","error","error","error","error","r46","error","error","error","s39","error","s126","error","s38","error","s45","s52","error","error","error","error","error","error"
184,"error","error","error","error","r39","r39","r39","error","error","r39","error","r39","r39","error","error","error","r39","r39","r39","r39","r39","error","r39","error","r39","r39","r39","r39","error","error","error","error","error","error"
183,"error","r53","r53","r53","error","error","error","s189","error","r53","r53","error","error","r53","r53","r53","r53","error","error","error","error","error","error","error","error","error","r53","error","r53","r53","r53","r53","r53","r53"
182,"error","error","error","error","r45","r45","r45","error","error","r45","error","r45","r45","error","error","error","r45","r45","r45","error","r45","error","r45","error","r45","r45","r45","r45","error","error","error","error","error","error"
181,"error","error","error","error","error","error","error","error","error","error","error","error","error","error","error","error","s188","error","error","error","error","error","error","error","error","error","error","error","error","error","error","error","error","error"
180,"error","error","error","error","r41","r41","r41","error","error","r41","error","r41","r41","error","error","error","r41","r41","r41","r41","r41","error","r41","error","r41","r41","r41","r41","error","error","error","error","error","error"
179,"error","error","error","error","error","error","error","error","error","error","error","error","error","error","error","error","s193","error","error","error","error","error","error","error","error","error","error","error","error","error","error","error","error","error"
178,"error","error","error","error","error","error","error","error","error","error","error","error","error","error","error","error","s192","error","error","error","error","error","error","error","error","error","error","error","error","error","error","error","error","error"
177,"error","error","error","error","s49","s185","error","error","error","s42","error","error","error","error","error","error","r46","s129","s100","error","s39","error","s126","error","s38","error","s45","s52","error","error","error","error","error","error"
176,"error","error","error","error","s49","error","error","error","error","s42","error","error","error","error","error","error","error","error","error","error","s39","error","s126","error","s38","error","s45","s52","error","error","error","error","error","error"
175,"error","error","error","error","r35","r35","r35","error","error","r35","error","r35","r35","error","error","error","r35","r35","r35","r42","r35","error","r35","error","r35","r35","r35","r35","error","error","error","error","error","error"
174,"error","error","error","error","s49","error","error","error","error","s42","error","error","error","error","error","error","r46","error","error","error","s39","error","s126","error","s38","error","s45","s52","error","error","error","error","error","error"
173,"error","error","error","error","r36","r36","r36","error","error","r36","error","r36","r36","error","error","error","r36","r36","r36","s177","r36","error","r36","error","r36","r36","r36","r36","error","error","error","error","error","error"
172,"error","r53","r53","r53","error","error","error","s189","error","r53","r53","error","error","r53","r53","r53","r53","error","error","error","error","error","error","error","error","error","r53","error","r53","r53","r53","r53","r53","r53"
171,"error","error","error","error","error","error","error","error","error","error","error","error","error","error","error","error","s188","error","error","error","error","error","error","error","error","error","error","error","error","error","error","error","error","error"
170,"error","error","error","error","r44","r44","r44","error","error","r44","error","r44","r44","error","error","error","r44","r44","r44","error","r44","error","r44","error","r44","r44","r44","r44","error","error","error","error","error","error"
169,"error","error","error","error","r34","r34","r34","error","error","r34","error","r34","r34","error","error","error","r34","r34","r34","r41","r34","error","r34","error","r34","r34","r34","r34","error","error","error","error","error","error"
168,"error","error","error","error","r40","r40","r40","error","error","r40","error","r40","r40","error","error","error","r40","r40","r40","r40","r40","error","r40","error","r40","r40","r40","r40","error","error","error","error","error","error"
167,"error","error","error","error","s49","s185","error","error","error","s42","error","error","error","error","error","error","r46","s129","s100","error","s39","error","s126","error","s38","error","s45","s52","error","error","error","error","error","error"
166,"error","error","error","r64","error","error","error","error","error","error","error","error","error","error","error","error","error","error","error","error","error","error","error","error","error","error","error","error","error","error","error","error","error","error"
165,"error","error","error","error","r43","r43","r43","error","error","r43","error","r43","r43","error","error","error","r43","r43","r43","r43","r43","error","r43","error","r43","r43","r43","r43","error","error","error","error","error","error"
164,"error","error","error","error","error","error","error","error","error","error","error","error","error","error","error","error","s187","error","error","error","error","error","error","error","error","error","error","error","error","error","error","error","error","error"
163,"error","error","error","s167","error","error","error","error","error","error","error","error","error","error","error","error","error","error","error","error","error","error","error","error","error","error","error","error","error","error","error","error","error","error"
162,"error","error","error","r65","error","error","error","error","error","error","error","error","error","s142","error","error","error","error","error","error","error","error","error","error","error","error","error","error","error","error","error","error","error","error"
161,"error","error","error","error","error","error","error","error","error","error","error","error","error","error","error","error","s186","error","error","error","error","error","error","error","error","error","error","error","error","error","error","error","error","error"
160,"error","error","error","error","s49","error","error","error","error","s42","error","error","error","error","error","error","error","error","error","error","s39","error","s126","error","s38","error","s45","s52","error","error","error","error","error","error"
159,"error","error","error","error","r42","r42","r42","error","error","r42","error","r42","r42","error","error","error","r42","r42","r42","r42","r42","error","r42","error","r42","r42","r42","r42","error","error","error","error","error","error"
158,"error","error","error","error","error","error","r31","error","error","error","error","error","error","error","error","error","error","error","error","error","error","error","error","error","error","error","error","error","error","error","error","error","error","error"
157,"error","error","error","error","error","error","r30","error","error","error","error","error","error","error","error","error","error","error","error","error","error","error","error","error","error","error","error","error","error","error","error","error","error","error"
156,"error","error","error","error","s49","error","error","error","error","s42","error","error","error","error","error","error","error","error","error","error","s39","error","s126","error","s38","error","s45","s52","error","error","error","error","error","error"
155,"r29","error","error","error","r29","r29","r29","error","error","r29","error","r29","r29","error","error","error","r29","r29","r29","r29","r29","error","r29","r29","r29","r29","r29","r29","error","error","error","error","error","error"
154,"error","error","error","r93","error","error","error","error","error","error","error","error","error","r93","error","error","r93","error","error","error","error","error","error","error","error","error","error","error","error","error","error","error","error","error"
153,"error","r90","error","r90","error","error","error","error","error","error","error","error","error","r90","error","error","r90","error","error","error","error","error","error","error","error","error","error","error","error","error","error","error","error","error"
152,"error","r76","r76","r76","error","error","error","error","error","error","error","error","error","r76","r76","r76","r76","error","error","error","error","error","error","error","error","error","error","error","r76","error","r76","r76","error","r76"
151,"error","r77","r77","r77","error","error","error","error","error","error","error","error","error","r77","r77","r77","r77","error","error","error","error","error","error","error","error","error","error","error","r77","error","r77","r77","error","r77"
150,"error","r80","r80","r80","error","error","error","error","error","error","error","error","error","r80","error","r80","r80","error","error","error","error","error","error","error","error","error","error","error","r80","error","error","error","error","error"
149,"error","r81","r81","r81","error","error","error","error","error","error","error","error","error","r81","error","r81","r81","error","error","error","error","error","error","error","error","error","error","error","r81","error","error","error","error","error"
148,"error","r83","r83","r83","error","error","error","error","error","error","error","error","error","r83","error","r83","r83","error","error","error","error","error","error","error","error","error","error","error","r83","error","error","error","error","error"
147,"error","r82","r82","r82","error","error","error","error","error","error","error","error","error","r82","error","r82","r82","error","error","error","error","error","error","error","error","error","error","error","r82","error","error","error","error","error"
146,"error","r87","error","r87","error","error","error","error","error","error","error","error","error","r87","error","r87","r87","error","error","error","error","error","error","error","error","error","error","error","error","error","error","error","error","error"
145,"error","r86","error","r86","error","error","error","error","error","error","error","error","error","r86","error","r86","r86","error","error","error","error","error","error","error","error","error","error","error","error","error","error","error","error","error"
144,"error","r59","r59","r59","error","error","error","error","error","r59","r59","error","error","r59","r59","r59","r59","error","error","error","error","error","error","error","error","error","r59","error","r59","r59","r59","r59","r59","r59"
143,"error","error","error","r61","error","error","error","error","error","error","error","error","error","error","error","error","error","error","error","error","error","error","error","error","error","error","error","error","error","error","error","error","error","error"
142,"error","error","error","error","s49","error","error","error","error","s42","error","error","error","error","error","error","error","error","error","error","s39","error","s126","error","s38","error","s45","s52","error","error","error","error","error","error"
141,"error","r72","r72","r72","error","error","error","error","error","r72","error","error","error","r72","r72","r72","r72","error","error","error","error","error","error","error","error","error","r72","error","r72","error","r72","r72","error","r72"
140,"error","r73","r73","r73","error","error","error","error","error","r73","error","error","error","r73","r73","r73","r73","error","error","error","error","error","error","error","error","error","r73","error","r73","error","r73","r73","error","r73"
139,"error","r71","r71","r71","error","error","error","error","error","r71","error","error","error","r71","r71","r71","r71","error","error","error","error","error","error","error","error","error","r71","error","r71","error","r71","r71","error","r71"
138,"error","error","error","error","s49","error","error","error","error","s42","error","error","error","error","error","error","r46","error","error","error","s39","error","s126","error","s38","error","s45","s52","error","error","error","error","error","error"
137,"error","error","error","error","error","error","error","error","error","error","error","error","error","error","error","error","r47","error","error","error","error","error","error","error","error","error","error","error","error","error","error","error","error","error"
136,"error","error","error","error","r36","r36","r36","error","error","r36","error","r36","r36","error","error","error","r36","r36","r36","error","r36","error","r36","error","r36","r36","r36","r36","error","error","error","error","error","error"
135,"error","r53","r53","r53","error","error","error","s176","error","r53","r53","error","error","r53","r53","r53","r53","error","error","error","error","error","error","error","error","error","r53","error","r53","r53","r53","r53","r53","r53"
134,"error","error","error","error","r37","r37","r37","error","error","r37","error","r37","r37","error","error","error","r37","r37","r37","error","r37","error","r37","error","r37","r37","r37","r37","error","error","error","error","error","error"
133,"error","error","error","error","error","error","error","error","error","error","error","error","error","error","error","error","s175","error","error","error","error","error","error","error","error","error","error","error","error","error","error","error","error","error"
132,"error","error","error","error","s49","s174","r32","error","error","s42","error","s7","s14","error","error","error","r46","s129","s100","error","s39","error","s126","error","s38","s4","s45","s52","error","error","error","error","error","error"
131,"error","error","error","error","s49","s174","r32","error","error","s42","error","s7","s14","error","error","error","r46","s129","s100","error","s39","error","s126","error","s38","s4","s45","s52","error","error","error","error","error","error"
130,"error","error","error","error","error","error","error","error","error","error","error","error","error","error","error","error","error","error","error","error","error","error","s59","error","error","error","error","error","error","error","error","error","error","error"
129,"error","error","error","error","s156","error","error","error","error","error","error","error","error","error","error","error","error","error","error","error","error","error","error","error","error","error","error","error","error","error","error","error","error","error"
128,"error","error","error","error","r41","r41","r41","error","error","r41","error","r41","r41","error","error","error","r41","r41","r41","r41","r41","error","r41","error","r41","r41","r41","r41","error","error","error","error","error","error"
127,"error","error","error","error","error","error","s155","error","error","error","error","error","error","error","error","error","error","error","error","error","error","error","error","error","error","error","error","error","error","error","error","error","error","error"
58,"error","error","error","error","error","error","error","error","error","error","error","error","error","r18","error","error","r18","error","error","error","error","error","error","error","error","error","error","error","error","error","error","error","error","error"
57,"error","r53","r53","r53","error","error","error","error","error","r53","r53","error","error","r53","r53","r53","r53","error","error","error","error","error","error","error","error","error","r53","error","r53","r53","r53","r53","r53","r53"
56,"error","error","error","r49","error","error","error","error","error","error","error","error","error","r49","error","error","r49","error","error","error","error","error","error","error","error","error","error","error","error","error","error","error","error","error"
55,"error","r57","r57","r57","error","error","error","error","error","r57","r57","error","error","r57","r57","r57","r57","error","error","error","error","error","error","error","error","error","r57","error","r57","r57","r57","r57","r57","r57"
54,"error","s96","error","r94","error","error","error","error","error","error","error","error","error","r94","error","error","r94","error","error","error","error","error","error","error","error","error","error","error","error","error","error","error","error","error"
53,"error","r91","error","r91","error","error","error","error","error","error","error","error","error","r91","error","s94","r91","error","error","error","error","error","error","error","error","error","error","error","error","error","error","error","error","error"
52,"error","error","error","error","r69","error","error","error","error","r69","error","error","error","error","error","error","error","error","error","error","r69","error","r69","error","r69","error","r69","r69","error","error","error","error","error","error"
51,"error","error","error","error","error","error","error","error","error","error","error","error","error","r17","error","error","r17","error","error","error","error","error","error","error","error","error","error","error","error","error","error","error","error","error"
50,"error","r54","r54","r54","error","error","error","error","error","r54","r54","error","error","r54","r54","r54","r54","error","error","error","error","error","error","error","error","error","r54","error","r54","r54","r54","r54","r54","r54"
49,"error","error","error","error","s49","error","error","error","error","s42","error","error","error","error","error","error","error","error","error","error","s39","error","s126","error","s38","error","s45","s52","error","error","error","error","error","error"
48,"error","r78","r78","r78","error","error","error","error","error","s89","error","error","error","r78","r78","r78","r78","error","error","error","error","error","error","error","error","error","s90","error","r78","error","r78","r78","error","r78"
47,"error","r84","r84","r84","error","error","error","error","error","error","error","error","error","r84","s87","r84","r84","error","error","error","error","error","error","error","error","error","error","error","r84","error","s84","s86","error","s85"
46,"error","error","error","r50","error","error","error","error","error","error","error","error","error","r50","error","error","r50","error","error","error","error","error","error","error","error","error","error","error","error","error","error","error","error","error"
45,"error","error","error","error","r67","error","error","error","error","r67","error","error","error","error","error","error","error","error","error","error","r67","error","r67","error","r67","error","r67","r67","error","error","error","error","error","error"
44,"error","error","error","error","s49","error","error","error","error","s42","error","error","error","error","error","error","error","error","error","error","s39","error","s126","error","s38","error","s45","s52","error","error","error","error","error","error"
43,"error","r88","s82","r88","error","error","error","error","error","error","error","error","error","r88","error","r88","r88","error","error","error","error","error","error","error","error","error","error","error","s80","error","error","error","error","error"
42,"error","error","error","error","r68","error","error","error","error","r68","error","error","error","error","error","error","error","error","error","error","r68","error","r68","error","r68","error","r68","r68","error","error","error","error","error","error"
41,"error","r51","r51","r51","s78","error","error","r51","error","r51","r51","error","error","r51","r51","r51","r51","error","error","error","error","error","error","error","error","error","r51","error","r51","r51","r51","r51","r51","r51"
40,"error","r74","r74","r74","error","error","error","error","error","r74","s75","error","error","r74","r74","r74","r74","error","error","error","error","error","error","error","error","error","r74","error","r74","s76","r74","r74","s74","r74"
39,"error","r55","r55","r55","error","error","error","error","error","r55","r55","error","error","r55","r55","r55","r55","error","error","error","error","error","error","error","error","error","r55","error","r55","r55","r55","r55","r55","r55"
38,"error","r56","r56","r56","error","error","error","error","error","r56","r56","error","error","r56","r56","r56","r56","error","error","error","error","error","error","error","error","error","r56","error","r56","r56","r56","r56","r56","r56"
37,"error","error","error","s73","error","error","error","error","error","error","error","error","error","error","error","error","error","error","error","error","error","error","error","error","error","error","error","error","error","error","error","error","error","error"
36,"error","error","error","error","error","error","error","error","error","error","error","error","error","error","error","error","s72","error","error","error","error","error","error","error","error","error","error","error","error","error","error","error","error","error"
35,"error","error","error","error","error","error","error","error","error","error","error","error","error","error","error","error","error","error","error","error","error","error","s23","error","error","error","error","error","error","error","error","error","error","error"
34,"error","error","error","error","s49","error","error","error","error","s42","error","error","error","error","error","error","error","error","error","error","s39","error","s126","error","s38","error","s45","s52","error","error","error","error","error","error"
33,"error","error","error","s67","error","error","error","error","error","error","error","error","error","error","error","error","error","error","error","error","error","error","error","error","error","error","error","error","error","error","error","error","error","error"
32,"error","error","error","s66","error","error","error","error","error","error","error","error","error","error","error","error","error","error","error","error","error","error","error","error","error","error","error","error","error","error","error","error","error","error"
31,"error","error","error","error","error","error","error","error","error","error","error","error","error","error","error","error","error","error","error","error","error","error","s65","error","error","error","error","error","error","error","error","error","error","error"
30,"error","error","error","r27","error","error","error","error","error","error","error","error","error","s63","error","error","error","error","error","error","error","error","error","error","error","error","error","error","error","error","error","error","error","error"
29,"error","error","error","r25","error","error","error","error","error","error","error","error","s14","error","error","error","error","error","error","error","error","error","error","error","error","s4","error","error","error","error","error","error","error","error"
12,"error","error","error","error","s21","error","error","error","error","error","error","error","error","error","error","error","error","error","error","error","error","error","error","error","error","error","error","error","error","error","error","error","error","error"
11,"r3","error","error","error","error","error","error","error","error","error","error","s7","s2","error","error","error","error","error","error","error","error","error","error","s1","error","s4","error","error","error","error","error","error","error","error"
10,"r3","error","error","error","error","error","error","error","error","error","error","s7","s2","error","error","error","error","error","error","error","error","error","error","s1","error","s4","error","error","error","error","error","error","error","error"
9,"error","error","error","error","error","error","error","error","error","error","error","error","error","error","error","error","error","error","error","error","error","error","s18","error","error","error","error","error","error","error","error","error","error","error"
8,"error","error","error","error","error","error","error","error","error","error","error","error","error","error","error","error","error","error","error","error","error","error","s16","error","error","error","error","error","error","error","error","error","error","error"
7,"error","error","error","error","error","error","error","error","error","error","error","error","s14","error","error","error","error","error","error","error","error","error","error","error","error","s4","error","error","error","error","error","error","error","error"
6,"r4","error","error","error","r4","r4","r4","error","error","r4","error","r4","r4","error","error","error","r4","r4","r4","error","r4","error","r4","r4","r4","r4","r4","r4","error","error","error","error","error","error"
5,"r5","error","error","error","r5","r5","r5","error","error","r5","error","r5","r5","error","error","error","r5","r5","r5","error","r5","error","r5","r5","r5","r5","r5","r5","error","error","error","error","error","error"
4,"error","error","error","error","error","error","error","error","error","error","error","error","error","error","error","error","error","error","error","error","error","error","r10","error","error","error","error","error","error","error","error","error","error","error"
3,"acc","error","error","error","error","error","error","error","error","error","error","error","error","error","error","error","error","error","error","error","error","error","error","error","error","error","error","error","error","error","error","error","error","error"
2,"error","error","error","error","error","error","error","error","s13","error","error","error","error","error","error","error","error","error","error","error","error","error","r9","error","error","error","error","error","error","error","error","error","error","error"
1,"error","error","error","error","error","error","error","error","s12","error","error","error","error","error","error","error","error","error","error","error","error","error","r23","error","error","error","error","error","error","error","error","error","error","error"
0,"r3","error","error","error","error","error","error","error","error","error","error","s7","s2","error","error","error","error","error","error","error","error","error","error","s1","error","s4","error","error","error","error","error","error","error","error"
13,"error","error","error","error","s22","error","error","error","error","error","error","error","error","error","error","error","error","error","error","error","error","error","error","error","error","error","error","error","error","error","error","error","error","error"
14,"error","error","error","error","error","error","error","error","error","error","error","error","error","error","error","error","error","error","error","error","error","error","r9","error","error","error","error","error","error","error","error","error","error","error"
15,"error","error","error","error","error","error","error","error","error","error","error","error","error","error","error","error","error","error","error","error","error","error","s23","error","error","error","error","error","error","error","error","error","error","error"
16,"error","error","error","error","s25","error","error","s26","error","error","error","error","error","r16","error","error","r16","error","error","error","error","error","error","error","error","error","error","error","error","error","error","error","error","error"
17,"error","error","error","error","error","error","error","error","error","error","error","error","error","s27","error","error","r15","error","error","error","error","error","error","error","error","error","error","error","error","error","error","error","error","error"
18,"error","error","error","error","s29","error","error","error","error","error","error","error","error","error","error","error","error","error","error","error","error","error","error","error","error","error","error","error","error","error","error","error","error","error"
19,"r1","error","error","error","error","error","error","error","error","error","error","error","error","error","error","error","error","error","error","error","error","error","error","error","error","error","error","error","error","error","error","error","error","error"
20,"r2","error","error","error","error","error","error","error","error","error","error","error","error","error","error","error","error","error","error","error","error","error","error","error","error","error","error","error","error","error","error","error","error","error"
21,"error","error","error","r25","error","error","error","error","error","error","error","error","s14","error","error","error","error","error","error","error","error","error","error","error","error","s4","error","error","error","error","error","error","error","error"
22,"error","error","error","r25","error","error","error","error","error","error","error","error","s14","error","error","error","error","error","error","error","error","error","error","error","error","s4","error","error","error","error","error","error","error","error"
23,"error","error","error","error","error","error","error","s34","error","error","error","error","error","error","error","error","error","error","error","error","error","error","error","error","error","error","error","error","error","error","error","error","error","error"
24,"error","error","error","error","error","error","error","error","error","error","error","error","error","s35","error","error","r8","error","error","error","error","error","error","error","error","error","error","error","error","error","error","error","error","error"
25,"error","error","error","r25","error","error","error","error","error","error","error","error","s14","error","error","error","error","error","error","error","error","error","error","error","error","s4","error","error","error","error","error","error","error","error"
26,"error","error","error","error","s49","error","error","error","error","s42","error","error","error","error","error","error","error","error","error","error","s39","error","s126","error","s38","error","s45","s52","error","error","error","error","error","error"
27,"error","error","error","error","error","error","error","error","error","error","error","error","error","error","error","error","error","error","error","error","error","error","s59","error","error","error","error","error","error","error","error","error","error","error"
28,"error","error","error","error","error","error","error","error","error","error","error","error","error","error","error","error","s61","error","error","error","error","error","error","error","error","error","error","error","error","error","error","error","error","error"
59,"error","error","error","error","error","error","error","s26","error","error","error","error","error","r16","error","error","r16","error","error","error","error","error","error","error","error","error","error","error","error","error","error","error","error","error"
60,"error","error","error","error","error","error","error","error","error","error","error","error","error","s27","error","error","r15","error","error","error","error","error","error","error","error","error","error","error","error","error","error","error","error","error"
61,"r13","error","error","error","r13","r13","r13","error","error","r13","error","r13","r13","error","error","error","r13","r13","r13","error","r13","error","r13","r13","r13","r13","r13","r13","error","error","error","error","error","error"
62,"error","error","error","s98","error","error","error","error","error","error","error","error","error","error","error","error","error","error","error","error","error","error","error","error","error","error","error","error","error","error","error","error","error","error"
63,"error","error","error","error","error","error","error","error","error","error","error","error","s14","error","error","error","error","error","error","error","error","error","error","error","error","s4","error","error","error","error","error","error","error","error"
64,"error","error","error","r24","error","error","error","error","error","error","error","error","error","error","error","error","error","error","error","error","error","error","error","error","error","error","error","error","error","error","error","error","error","error"
65,"error","error","error","r28","error","error","error","error","error","error","error","error","error","r28","error","error","error","error","error","error","error","error","error","error","error","error","error","error","error","error","error","error","error","error"
66,"error","error","error","error","error","error","error","error","error","error","error","error","error","error","error","error","error","error","s100","error","error","error","error","error","error","error","error","error","error","error","error","error","error","error"
67,"error","error","error","error","error","error","error","error","error","error","error","error","error","error","error","error","error","error","s100","error","error","error","error","error","error","error","error","error","error","error","error","error","error","error"
68,"error","error","error","error","error","error","error","error","error","error","error","error","error","r95","error","error","r95","error","error","error","error","error","error","error","error","error","error","error","error","error","error","error","error","error"
69,"error","error","error","error","error","error","error","error","error","error","error","error","error","r12","error","error","r12","error","error","error","error","error","error","error","error","error","error","error","error","error","error","error","error","error"
70,"error","error","error","error","error","error","error","error","error","error","error","error","error","r11","error","error","r11","error","error","error","error","error","error","error","error","error","error","error","error","error","error","error","error","error"
71,"error","error","error","error","error","error","error","error","error","error","error","error","error","s35","error","error","r8","error","error","error","error","error","error","error","error","error","error","error","error","error","error","error","error","error"
72,"r6","error","error","error","r6","r6","r6","error","error","r6","error","r6","r6","error","error","error","r6","r6","r6","error","r6","error","r6","r6","r6","r6","r6","r6","error","error","error","error","error","error"
73,"error","error","error","error","error","error","error","error","error","error","error","error","error","error","error","error","error","error","s100","error","error","error","error","error","error","error","error","error","error","error","error","error","error","error"
74,"error","error","error","error","s49","error","error","error","error","s42","error","error","error","error","error","error","error","error","error","error","s39","error","s126","error","s38","error","s45","s52","error","error","error","error","error","error"
75,"error","error","error","error","s49","error","error","error","error","s42","error","error","error","error","error","error","error","error","error","error","s39","error","s126","error","s38","error","s45","s52","error","error","error","error","error","error"
76,"error","error","error","error","s49","error","error","error","error","s42","error","error","error","error","error","error","error","error","error","error","s39","error","s126","error","s38","error","s45","s52","error","error","error","error","error","error"
77,"error","r70","r70","r70","error","error","error","error","error","r70","error","error","error","r70","r70","r70","r70","error","error","error","error","error","error","error","error","error","r70","error","r70","error","r70","r70","error","r70"
78,"error","error","error","r62","s49","error","error","error","error","s42","error","error","error","error","error","error","error","error","error","error","s39","error","s126","error","s38","error","s45","s52","error","error","error","error","error","error"
79,"error","r58","r58","r58","error","error","error","error","error","r58","r58","error","error","r58","r58","r58","r58","error","error","error","error","error","error","error","error","error","r58","error","r58","r58","r58","r58","r58","r58"
80,"error","error","error","error","s49","error","error","error","error","s42","error","error","error","error","error","error","error","error","error","error","s39","error","s126","error","s38","error","s45","s52","error","error","error","error","error","error"
81,"error","r85","error","r85","error","error","error","error","error","error","error","error","error","r85","error","r85","r85","error","error","error","error","error","error","error","error","error","error","error","error","error","error","error","error","error"
82,"error","error","error","error","s49","error","error","error","error","s42","error","error","error","error","error","error","error","error","error","error","s39","error","s126","error","s38","error","s45","s52","error","error","error","error","error","error"
83,"error","r66","r66","r66","error","error","error","error","error","r66","r66","error","error","r66","r66","r66","r66","error","error","error","error","error","error","error","error","error","r66","error","r66","r66","r66","r66","r66","r66"
84,"error","error","error","error","s49","error","error","error","error","s42","error","error","error","error","error","error","error","error","error","error","s39","error","s126","error","s38","error","s45","s52","error","error","error","error","error","error"
85,"error","error","error","error","s49","error","error","error","error","s42","error","error","error","error","error","error","error","error","error","error","s39","error","s126","error","s38","error","s45","s52","error","error","error","error","error","error"
86,"error","error","error","error","s49","error","error","error","error","s42","error","error","error","error","error","error","error","error","error","error","s39","error","s126","error","s38","error","s45","s52","error","error","error","error","error","error"
87,"error","error","error","error","s49","error","error","error","error","s42","error","error","error","error","error","error","error","error","error","error","s39","error","s126","error","s38","error","s45","s52","error","error","error","error","error","error"
88,"error","r79","r79","r79","error","error","error","error","error","error","error","error","error","r79","error","r79","r79","error","error","error","error","error","error","error","error","error","error","error","r79","error","error","error","error","error"
89,"error","error","error","error","s49","error","error","error","error","s42","error","error","error","error","error","error","error","error","error","error","s39","error","s126","error","s38","error","s45","s52","error","error","error","error","error","error"
90,"error","error","error","error","s49","error","error","error","error","s42","error","error","error","error","error","error","error","error","error","error","s39","error","s126","error","s38","error","s45","s52","error","error","error","error","error","error"
91,"error","r75","r75","r75","error","error","error","error","error","error","error","error","error","r75","r75","r75","r75","error","error","error","error","error","error","error","error","error","error","error","r75","error","r75","r75","error","r75"
92,"error","error","error","s121","error","error","error","error","error","error","error","error","error","error","error","error","error","error","error","error","error","error","error","error","error","error","error","error","error","error","error","error","error","error"
93,"error","r89","error","r89","error","error","error","error","error","error","error","error","error","r89","error","error","r89","error","error","error","error","error","error","error","error","error","error","error","error","error","error","error","error","error"
94,"error","error","error","error","s49","error","error","error","error","s42","error","error","error","error","error","error","error","error","error","error","s39","error","s126","error","s38","error","s45","s52","error","error","error","error","error","error"
95,"error","error","error","r92","error","error","error","error","error","error","error","error","error","r92","error","error","r92","error","error","error","error","error","error","error","error","error","error","error","error","error","error","error","error","error"
96,"error","error","error","error","s49","error","error","error","error","s42","error","error","error","error","error","error","error","error","error","error","s39","error","s126","error","s38","error","s45","s52","error","error","error","error","error","error"
97,"error","error","error","error","error","error","error","error","error","error","error","error","error","error","error","error","r14","error","error","error","error","error","error","error","error","error","error","error","error","error","error","error","error","error"
98,"error","error","error","error","error","error","error","error","error","error","error","error","error","error","error","error","error","error","s100","error","error","error","error","error","error","error","error","error","error","error","error","error","error","error"
99,"error","error","error","r27","error","error","error","error","error","error","error","error","error","s63","error","error","error","error","error","error","error","error","error","error","error","error","error","error","error","error","error","error","error","error"
100,"error","error","error","error","s49","s174","r32","error","error","s42","error","s7","s14","error","error","error","r46","s129","s100","error","s39","error","s126","error","s38","s4","s45","s52","error","error","error","error","error","error"
101,"r22","error","error","error","error","error","error","error","error","error","error","r22","r22","error","error","error","error","error","error","error","error","error","error","r22","error","r22","error","error","error","error","error","error","error","error"
102,"r21","error","error","error","error","error","error","error","error","error","error","r21","r21","error","error","error","error","error","error","error","error","error","error","r21","error","r21","error","error","error","error","error","error","error","error"
103,"error","error","error","error","error","error","error","error","error","error","error","error","error","error","error","error","r7","error","error","error","error","error","error","error","error","error","error","error","error","error","error","error","error","error"
104,"r20","error","error","error","error","error","error","error","error","error","error","r20","r20","error","error","error","error","error","error","error","error","error","error","r20","error","r20","error","error","error","error","error","error","error","error"
105,"error","r74","r74","r74","error","error","error","error","error","r74","s75","error","error","r74","r74","r74","r74","error","error","error","error","error","error","error","error","error","r74","error","r74","s76","r74","r74","s74","r74"
106,"error","r74","r74","r74","error","error","error","error","error","r74","s75","error","error","r74","r74","r74","r74","error","error","error","error","error","error","error","error","error","r74","error","r74","s76","r74","r74","s74","r74"
107,"error","r74","r74","r74","error","error","error","error","error","r74","s75","error","error","r74","r74","r74","r74","error","error","error","error","error","error","error","error","error","r74","error","r74","s76","r74","r74","s74","r74"
108,"error","error","error","r65","error","error","error","error","error","error","error","error","error","s142","error","error","error","error","error","error","error","error","error","error","error","error","error","error","error","error","error","error","error","error"
109,"error","error","error","s144","error","error","error","error","error","error","error","error","error","error","error","error","error","error","error","error","error","error","error","error","error","error","error","error","error","error","error","error","error","error"
110,"error","r60","r60","r60","error","error","error","error","error","r60","r60","error","error","r60","r60","r60","r60","error","error","error","error","error","error","error","error","error","r60","error","r60","r60","r60","r60","r60","r60"
111,"error","error","error","r63","error","error","error","error","error","error","error","error","error","r63","error","error","error","error","error","error","error","error","error","error","error","error","error","error","error","error","error","error","error","error"
112,"error","r88","s82","r88","error","error","error","error","error","error","error","error","error","r88","error","r88","r88","error","error","error","error","error","error","error","error","error","error","error","s80","error","error","error","error","error"
113,"error","r84","r84","r84","error","error","error","error","error","error","error","error","error","r84","s87","r84","r84","error","error","error","error","error","error","error","error","error","error","error","r84","error","s84","s86","error","s85"
114,"error","r88","s82","r88","error","error","error","error","error","error","error","error","error","r88","error","r88","r88","error","error","error","error","error","error","error","error","error","error","error","s80","error","error","error","error","error"
115,"error","r84","r84","r84","error","error","error","error","error","error","error","error","error","r84","s87","r84","r84","error","error","error","error","error","error","error","error","error","error","error","r84","error","s84","s86","error","s85"
116,"error","r84","r84","r84","error","error","error","error","error","error","error","error","error","r84","s87","r84","r84","error","error","error","error","error","error","error","error","error","error","error","r84","error","s84","s86","error","s85"
117,"error","r84","r84","r84","error","error","error","error","error","error","error","error","error","r84","s87","r84","r84","error","error","error","error","error","error","error","error","error","error","error","r84","error","s84","s86","error","s85"
118,"error","r84","r84","r84","error","error","error","error","error","error","error","error","error","r84","s87","r84","r84","error","error","error","error","error","error","error","error","error","error","error","r84","error","s84","s86","error","s85"
119,"error","r78","r78","r78","error","error","error","error","error","s89","error","error","error","r78","r78","r78","r78","error","error","error","error","error","error","error","error","error","s90","error","r78","error","r78","r78","error","r78"
120,"error","r78","r78","r78","error","error","error","error","error","s89","error","error","error","r78","r78","r78","r78","error","error","error","error","error","error","error","error","error","s90","error","r78","error","r78","r78","error","r78"
121,"error","r52","r52","r52","error","error","error","error","error","r52","r52","error","error","r52","r52","r52","r52","error","error","error","error","error","error","error","error","error","r52","error","r52","r52","r52","r52","r52","r52"
122,"error","r91","error","r91","error","error","error","error","error","error","error","error","error","r91","error","s94","r91","error","error","error","error","error","error","error","error","error","error","error","error","error","error","error","error","error"
123,"error","s96","error","r94","error","error","error","error","error","error","error","error","error","r94","error","error","r94","error","error","error","error","error","error","error","error","error","error","error","error","error","error","error","error","error"
124,"r19","error","error","error","error","error","error","error","error","error","error","r19","r19","error","error","error","error","error","error","error","error","error","error","r19","error","r19","error","error","error","error","error","error","error","error"
125,"error","error","error","r26","error","error","error","error","error","error","error","error","error","error","error","error","error","error","error","error","error","error","error","error","error","error","error","error","error","error","error","error","error","error"
126,"error","r51","r51","r51","s78","error","error","r51","error","r51","r51","error","error","r51","r51","r51","r51","error","error","error","error","error","error","error","error","error","r51","error","r51","r51","r51","r51","r51","r51"
